{"services":[{"serviceType":"Humiture","description":"","commands":[{"commandName":"LED","paras":[{"paraName":"Switch","dataType":"string","required":true,"min":"","max":"","step":0.0,"maxLength":3,"unit":null,"enumList":["ON","OFF"]}]}],"properties":[{"propertyName":"Temperature","dataType":"float","required":true,"min":"1","max":"100","step":0.0,"maxLength":0,"method":"RWE","unit":"℃","enumList":null},{"propertyName":"Humidity","dataType":"float","required":true,"min":"1","max":"100","step":0.0,"maxLength":0,"method":"RWE","unit":"RH%","enumList":null}],"events":[]}]}