{"services":[{"serviceType":"Smoke","description":"","commands":[{"commandName":"Beep","paras":[{"paraName":"Switch","dataType":"string","required":true,"min":"","max":"","step":0.0,"maxLength":3,"unit":null,"enumList":["ON","OFF"]}]}],"properties":[{"propertyName":"index","dataType":"int","required":true,"min":"1","max":"1000","step":0.0,"maxLength":0,"method":"RWE","unit":null,"enumList":null},{"propertyName":"CSQ","dataType":"int","required":true,"min":"0","max":"33","step":0.0,"maxLength":0,"method":"RWE","unit":null,"enumList":null},{"propertyName":"SmokeValue","dataType":"int","required":true,"min":"0","max":"10000","step":0.0,"maxLength":0,"method":"RWE","unit":null,"enumList":null},{"propertyName":"MaxValue","dataType":"int","required":true,"min":"0","max":"10000","step":0.0,"maxLength":0,"method":"RWE","unit":null,"enumList":null}],"events":[]}]}